12-Billion-Solar-Mass Black Hole Discovered,http://rss.slashdot.org/~r/Slashdot/slashdot/~3/pTckOGUfBbE/story01.htm,"sciencehabit writes: A team of astronomers has discovered what is, in galactic terms, a monstrous baby: a gigantic black hole of 12 billion solar masses in a barely newborn galaxy, just 875 million years after the big bang. It's roughly 3000 times the size of our Milky Way's central black hole. To have grown to such a size in so short a time, it must have been munching matter at close to the maximum physically possible rate for most of its existence. Its large size and rate of consumption also makes it the brightest object in that distant era, and astronomers can use its bright light to study the composition of the early universe: how much of the original hydrogen and helium from the big bang had been forged into heavier elements in the furnaces of stars.<p><div class=""share_submission"" style=""position:relative;""> <a class=""slashpop"" href=""http://twitter.com/home?status=12-Billion-Solar-Mass+Black+Hole+Discovered%3A+http%3A%2F%2Fbit.ly%2F1FYJAyw""><img src=""http://a.fsdn.com/sd/twitter_icon_large.png""></a> <a class=""slashpop"" href=""http://www.facebook.com/sharer.php?u=http%3A%2F%2Fscience.slashdot.org%2Fstory%2F15%2F02%2F26%2F1451202%2F12-billion-solar-mass-black-hole-discovered%3Futm_source%3Dslashdot%26utm_medium%3Dfacebook""><img src=""http://a.fsdn.com/sd/facebook_icon_large.png""></a> <a class=""nobg"" href=""http://plus.google.com/share?url=http://science.slashdot.org/story/15/02/26/1451202/12-billion-solar-mass-black-hole-discovered?utm_source=slashdot&amp;utm_medium=googleplus"" onclick=""javascript:window.open(this.href,'', 'menubar=no,toolbar=no,resizable=yes,scrollbars=yes,height=600,width=600');return false;""><img src=""http://www.gstatic.com/images/icons/gplus-16.png"" alt=""Share on Google+""/></a> </div></p><p><a href=""http://science.slashdot.org/story/15/02/26/1451202/12-billion-solar-mass-black-hole-discovered?utm_source=rss1.0moreanon&amp;utm_medium=feed"">Read more of this story</a> at Slashdot.</p><iframe src=""http://slashdot.org/slashdot-it.pl?op=discuss&amp;id=7020283&amp;smallembed=1"" style=""height: 300px; width: 100%; border: none;""></iframe><img width='1' height='1' src='http://slashdot.feedsportal.com/c/35028/f/647410/s/43d34069/sc/32/mf.gif' border='0'/><br clear='all'/><br/><br/><a href=""http://da.feedsportal.com/r/222166569162/u/49/f/647410/c/35028/s/43d34069/sc/32/rc/1/rc.htm"" rel=""nofollow""><img src=""http://da.feedsportal.com/r/222166569162/u/49/f/647410/c/35028/s/43d34069/sc/32/rc/1/rc.img"" border=""0""/></a><br/><a href=""http://da.feedsportal.com/r/222166569162/u/49/f/647410/c/35028/s/43d34069/sc/32/rc/2/rc.htm"" rel=""nofollow""><img src=""http://da.feedsportal.com/r/222166569162/u/49/f/647410/c/35028/s/43d34069/sc/32/rc/2/rc.img"" border=""0""/></a><br/><a href=""http://da.feedsportal.com/r/222166569162/u/49/f/647410/c/35028/s/43d34069/sc/32/rc/3/rc.htm"" rel=""nofollow""><img src=""http://da.feedsportal.com/r/222166569162/u/49/f/647410/c/35028/s/43d34069/sc/32/rc/3/rc.img"" border=""0""/></a><br/><br/><a href=""http://da.feedsportal.com/r/222166569162/u/49/f/647410/c/35028/s/43d34069/sc/32/a2.htm""><img src=""http://da.feedsportal.com/r/222166569162/u/49/f/647410/c/35028/s/43d34069/sc/32/a2.img"" border=""0""/></a><img width=""1"" height=""1"" src=""http://pi.feedsportal.com/r/222166569162/u/49/f/647410/c/35028/s/43d34069/sc/32/a2t.img"" border=""0""/><img src=""//feeds.feedburner.com/~r/Slashdot/slashdot/~4/pTckOGUfBbE"" height=""1"" width=""1"" alt=""""/>"
280-Pound Catfish Reeled in by Italian Fisherman (Discovery),http://news.feedzilla.com/en_us/stories/science/422783278?client_source=api&format=json,"The catch may set a record for the biggest catfish ever caught using a rod and
reel.

"
3 Million Strong RAMNIT Botnet Taken Down,http://rss.slashdot.org/~r/Slashdot/slashdot/~3/eoczKhk_9u8/story01.htm,"An anonymous reader writes The National Crime Agency's National Cyber Crime Unit worked with law enforcement colleagues in the Netherlands, Italy and Germany, co-ordinated through Europol's European Cybercrime Centre, to shut down command and control servers used by the RAMNIT botnet. Investigators believe that RAMNIT may have infected over three million computers worldwide, with around 33,000 of those being in the UK. It has so far largely been used to attempt to take money from bank accounts.<p><div class=""share_submission"" style=""position:relative;""> <a class=""slashpop"" href=""http://twitter.com/home?status=3+Million+Strong+RAMNIT+Botnet+Taken+Down%3A+http%3A%2F%2Fbit.ly%2F1A7LGDR""><img src=""http://a.fsdn.com/sd/twitter_icon_large.png""></a> <a class=""slashpop"" href=""http://www.facebook.com/sharer.php?u=http%3A%2F%2Fyro.slashdot.org%2Fstory%2F15%2F02%2F25%2F2249217%2F3-million-strong-ramnit-botnet-taken-down%3Futm_source%3Dslashdot%26utm_medium%3Dfacebook""><img src=""http://a.fsdn.com/sd/facebook_icon_large.png""></a> <a class=""nobg"" href=""http://plus.google.com/share?url=http://yro.slashdot.org/story/15/02/25/2249217/3-million-strong-ramnit-botnet-taken-down?utm_source=slashdot&amp;utm_medium=googleplus"" onclick=""javascript:window.open(this.href,'', 'menubar=no,toolbar=no,resizable=yes,scrollbars=yes,height=600,width=600');return false;""><img src=""http://www.gstatic.com/images/icons/gplus-16.png"" alt=""Share on Google+""/></a> </div></p><p><a href=""http://yro.slashdot.org/story/15/02/25/2249217/3-million-strong-ramnit-botnet-taken-down?utm_source=rss1.0moreanon&amp;utm_medium=feed"">Read more of this story</a> at Slashdot.</p><iframe src=""http://slashdot.org/slashdot-it.pl?op=discuss&amp;id=7016021&amp;smallembed=1"" style=""height: 300px; width: 100%; border: none;""></iframe><img width='1' height='1' src='http://slashdot.feedsportal.com/c/35028/f/647410/s/43cc2e3f/sc/7/mf.gif' border='0'/><br clear='all'/><br/><br/><a href=""http://da.feedsportal.com/r/222166541485/u/49/f/647410/c/35028/s/43cc2e3f/sc/7/rc/1/rc.htm"" rel=""nofollow""><img src=""http://da.feedsportal.com/r/222166541485/u/49/f/647410/c/35028/s/43cc2e3f/sc/7/rc/1/rc.img"" border=""0""/></a><br/><a href=""http://da.feedsportal.com/r/222166541485/u/49/f/647410/c/35028/s/43cc2e3f/sc/7/rc/2/rc.htm"" rel=""nofollow""><img src=""http://da.feedsportal.com/r/222166541485/u/49/f/647410/c/35028/s/43cc2e3f/sc/7/rc/2/rc.img"" border=""0""/></a><br/><a href=""http://da.feedsportal.com/r/222166541485/u/49/f/647410/c/35028/s/43cc2e3f/sc/7/rc/3/rc.htm"" rel=""nofollow""><img src=""http://da.feedsportal.com/r/222166541485/u/49/f/647410/c/35028/s/43cc2e3f/sc/7/rc/3/rc.img"" border=""0""/></a><br/><br/><a href=""http://da.feedsportal.com/r/222166541485/u/49/f/647410/c/35028/s/43cc2e3f/sc/7/a2.htm""><img src=""http://da.feedsportal.com/r/222166541485/u/49/f/647410/c/35028/s/43cc2e3f/sc/7/a2.img"" border=""0""/></a><img width=""1"" height=""1"" src=""http://pi.feedsportal.com/r/222166541485/u/49/f/647410/c/35028/s/43cc2e3f/sc/7/a2t.img"" border=""0""/><img src=""//feeds.feedburner.com/~r/Slashdot/slashdot/~4/eoczKhk_9u8"" height=""1"" width=""1"" alt=""""/>"
5 White Collar Jobs Robots Already Have Taken,http://rss.slashdot.org/~r/Slashdot/slashdot/~3/Qa60mFqjTKE/story01.htm,"bizwriter writes University of Oxford researchers Carl Benedikt Frey and Michael Osborne estimated in 2013 that 47 percent of total U.S. jobs could be automated and taken over by computers by 2033. That now includes occupations once thought safe from automation, AI, and robotics. Such positions as journalists, lawyers, doctors, marketers, and financial analysts are already being invaded by our robot overlords. From the article: ""Some experts say not to worry because technology has always created new jobs while eliminating old ones, displacing but not replacing workers. But lately, as technology has become more sophisticated, the drumbeat of worry has intensified. 'What's different now?' asked Leigh Watson Healy, chief analyst at market research firm Outsell. 'The pace of technology advancements plus the big data phenomenon lead to a whole new level of machines to perform higher level cognitive tasks.' Translated: the old formula of creating more demanding jobs that need advanced training may no longer hold true. The number of people needed to oversee the machines, and to create them, is limited. Where do the many whose occupations have become obsolete go?""<p><div class=""share_submission"" style=""position:relative;""> <a class=""slashpop"" href=""http://twitter.com/home?status=5+White+Collar+Jobs+Robots+Already+Have+Taken%3A+http%3A%2F%2Fbit.ly%2F1MTrnUQ""><img src=""http://a.fsdn.com/sd/twitter_icon_large.png""></a> <a class=""slashpop"" href=""http://www.facebook.com/sharer.php?u=http%3A%2F%2Fhardware.slashdot.org%2Fstory%2F15%2F02%2F25%2F2333230%2F5-white-collar-jobs-robots-already-have-taken%3Futm_source%3Dslashdot%26utm_medium%3Dfacebook""><img src=""http://a.fsdn.com/sd/facebook_icon_large.png""></a> <a class=""nobg"" href=""http://plus.google.com/share?url=http://hardware.slashdot.org/story/15/02/25/2333230/5-white-collar-jobs-robots-already-have-taken?utm_source=slashdot&amp;utm_medium=googleplus"" onclick=""javascript:window.open(this.href,'', 'menubar=no,toolbar=no,resizable=yes,scrollbars=yes,height=600,width=600');return false;""><img src=""http://www.gstatic.com/images/icons/gplus-16.png"" alt=""Share on Google+""/></a> </div></p><p><a href=""http://hardware.slashdot.org/story/15/02/25/2333230/5-white-collar-jobs-robots-already-have-taken?utm_source=rss1.0moreanon&amp;utm_medium=feed"">Read more of this story</a> at Slashdot.</p><iframe src=""http://slashdot.org/slashdot-it.pl?op=discuss&amp;id=7016135&amp;smallembed=1"" style=""height: 300px; width: 100%; border: none;""></iframe><img width='1' height='1' src='http://slashdot.feedsportal.com/c/35028/f/647410/s/43ce6d3d/sc/36/mf.gif' border='0'/><br clear='all'/><br/><br/><a href=""http://da.feedsportal.com/r/222166582646/u/49/f/647410/c/35028/s/43ce6d3d/sc/36/rc/1/rc.htm"" rel=""nofollow""><img src=""http://da.feedsportal.com/r/222166582646/u/49/f/647410/c/35028/s/43ce6d3d/sc/36/rc/1/rc.img"" border=""0""/></a><br/><a href=""http://da.feedsportal.com/r/222166582646/u/49/f/647410/c/35028/s/43ce6d3d/sc/36/rc/2/rc.htm"" rel=""nofollow""><img src=""http://da.feedsportal.com/r/222166582646/u/49/f/647410/c/35028/s/43ce6d3d/sc/36/rc/2/rc.img"" border=""0""/></a><br/><a href=""http://da.feedsportal.com/r/222166582646/u/49/f/647410/c/35028/s/43ce6d3d/sc/36/rc/3/rc.htm"" rel=""nofollow""><img src=""http://da.feedsportal.com/r/222166582646/u/49/f/647410/c/35028/s/43ce6d3d/sc/36/rc/3/rc.img"" border=""0""/></a><br/><br/><a href=""http://da.feedsportal.com/r/222166582646/u/49/f/647410/c/35028/s/43ce6d3d/sc/36/a2.htm""><img src=""http://da.feedsportal.com/r/222166582646/u/49/f/647410/c/35028/s/43ce6d3d/sc/36/a2.img"" border=""0""/></a><img width=""1"" height=""1"" src=""http://pi.feedsportal.com/r/222166582646/u/49/f/647410/c/35028/s/43ce6d3d/sc/36/a2t.img"" border=""0""/><img src=""//feeds.feedburner.com/~r/Slashdot/slashdot/~4/Qa60mFqjTKE"" height=""1"" width=""1"" alt=""""/>"
Agricultural insecticides pose a global risk to surface water bodies (Eurekalert),http://news.feedzilla.com/en_us/stories/science/422726817?client_source=api&format=json,"(_Helmholtz Centre for Environmental Research - UFZ_) Streams within
approximately 40 percent of the global land surface are at risk from the
application of insecticides. These were the results from the first global map
to be modeled on insecticide runoff to surface waters, which has just been
published in the journal Environmental Pollution by researchers from the
Helmholtz Center for Environmental Research and the University of Koblenz-
Landau together with the University of Milan, Aarhus University and Aachen
University.

"
"Among Trillions of Microbes in the Gut, a Few Are Special (Scientific American)",http://news.feedzilla.com/en_us/stories/science/422777753?client_source=api&format=json,"Amid the trillions of microbes that live in the intestines, scientists have
found a few species that seem to play a key role in keeping us healthy


-- Read more on ScientificAmerican.com

"
Argonne National Laboratory Shuts Down Online Ask a Scientist Program,http://rss.slashdot.org/~r/Slashdot/slashdot/~3/qoH1NSFgpRQ/story01.htm,"itamblyn writes In a surprising decision, Argonne National Laboratory has decided to pull the plug on its long-standing NEWTON Ask A Scientist Program. NEWTON is (soon to be was) an on online repository of science questions submitted by school children from around the world. A volunteer group of scientists contributed grade-level appropriate answers to these questions. For the past 25 years, a wide range of topics ranging have been covered, including the classic ""why is the sky blue"" to ""is there way to break down the components of plastics completely into their original form"". Over the years, over 20,000 questions have been answered. According to ANL, the website will be shut down permanently on 1 March. There is no plan to make the content available in an alternate form or to hand over stewardship to another organization. When contacted about transferring the repository to another institution or moving to a donation model, the response from ANL was simply: ""Thank you again for all your support for Newton. Unfortunately, moving Newton to another organization is not a possibility at this time. Thank you again for your energy and support.""<p><div class=""share_submission"" style=""position:relative;""> <a class=""slashpop"" href=""http://twitter.com/home?status=Argonne+National+Laboratory+Shuts+Down+Online+Ask+a+Scientist+Program%3A+http%3A%2F%2Fbit.ly%2F1wq04Ng""><img src=""http://a.fsdn.com/sd/twitter_icon_large.png""></a> <a class=""slashpop"" href=""http://www.facebook.com/sharer.php?u=http%3A%2F%2Fscience.slashdot.org%2Fstory%2F15%2F02%2F25%2F2313241%2Fargonne-national-laboratory-shuts-down-online-ask-a-scientist-program%3Futm_source%3Dslashdot%26utm_medium%3Dfacebook""><img src=""http://a.fsdn.com/sd/facebook_icon_large.png""></a> <a class=""nobg"" href=""http://plus.google.com/share?url=http://science.slashdot.org/story/15/02/25/2313241/argonne-national-laboratory-shuts-down-online-ask-a-scientist-program?utm_source=slashdot&amp;utm_medium=googleplus"" onclick=""javascript:window.open(this.href,'', 'menubar=no,toolbar=no,resizable=yes,scrollbars=yes,height=600,width=600');return false;""><img src=""http://www.gstatic.com/images/icons/gplus-16.png"" alt=""Share on Google+""/></a> </div></p><p><a href=""http://science.slashdot.org/story/15/02/25/2313241/argonne-national-laboratory-shuts-down-online-ask-a-scientist-program?utm_source=rss1.0moreanon&amp;utm_medium=feed"">Read more of this story</a> at Slashdot.</p><iframe src=""http://slashdot.org/slashdot-it.pl?op=discuss&amp;id=7016089&amp;smallembed=1"" style=""height: 300px; width: 100%; border: none;""></iframe><img width='1' height='1' src='http://slashdot.feedsportal.com/c/35028/f/647410/s/43cc96d1/sc/36/mf.gif' border='0'/><br clear='all'/><br/><br/><a href=""http://da.feedsportal.com/r/222166545312/u/49/f/647410/c/35028/s/43cc96d1/sc/36/rc/1/rc.htm"" rel=""nofollow""><img src=""http://da.feedsportal.com/r/222166545312/u/49/f/647410/c/35028/s/43cc96d1/sc/36/rc/1/rc.img"" border=""0""/></a><br/><a href=""http://da.feedsportal.com/r/222166545312/u/49/f/647410/c/35028/s/43cc96d1/sc/36/rc/2/rc.htm"" rel=""nofollow""><img src=""http://da.feedsportal.com/r/222166545312/u/49/f/647410/c/35028/s/43cc96d1/sc/36/rc/2/rc.img"" border=""0""/></a><br/><a href=""http://da.feedsportal.com/r/222166545312/u/49/f/647410/c/35028/s/43cc96d1/sc/36/rc/3/rc.htm"" rel=""nofollow""><img src=""http://da.feedsportal.com/r/222166545312/u/49/f/647410/c/35028/s/43cc96d1/sc/36/rc/3/rc.img"" border=""0""/></a><br/><br/><a href=""http://da.feedsportal.com/r/222166545312/u/49/f/647410/c/35028/s/43cc96d1/sc/36/a2.htm""><img src=""http://da.feedsportal.com/r/222166545312/u/49/f/647410/c/35028/s/43cc96d1/sc/36/a2.img"" border=""0""/></a><img width=""1"" height=""1"" src=""http://pi.feedsportal.com/r/222166545312/u/49/f/647410/c/35028/s/43cc96d1/sc/36/a2t.img"" border=""0""/><img src=""//feeds.feedburner.com/~r/Slashdot/slashdot/~4/qoH1NSFgpRQ"" height=""1"" width=""1"" alt=""""/>"
Artificial Intelligence Bests Humans At Classic Arcade Games,http://rss.slashdot.org/~r/Slashdot/slashdot/~3/wMNAOdBr6Dk/story01.htm,"sciencehabit writes The dream of an artificially intelligent computer that can study a problem and gain expertise all on its own is now reality. A system debuted today by a team of Google researchers is not clever enough to perform surgery or drive a car safely, but it did master several dozen classic arcade games, including Space Invaders and Breakout. In many cases, it surpassed the best human players without ever observing how they play.<p><div class=""share_submission"" style=""position:relative;""> <a class=""slashpop"" href=""http://twitter.com/home?status=Artificial+Intelligence+Bests+Humans+At+Classic+Arcade+Games%3A+http%3A%2F%2Fbit.ly%2F1ERn46W""><img src=""http://a.fsdn.com/sd/twitter_icon_large.png""></a> <a class=""slashpop"" href=""http://www.facebook.com/sharer.php?u=http%3A%2F%2Fgames.slashdot.org%2Fstory%2F15%2F02%2F25%2F2020237%2Fartificial-intelligence-bests-humans-at-classic-arcade-games%3Futm_source%3Dslashdot%26utm_medium%3Dfacebook""><img src=""http://a.fsdn.com/sd/facebook_icon_large.png""></a> <a class=""nobg"" href=""http://plus.google.com/share?url=http://games.slashdot.org/story/15/02/25/2020237/artificial-intelligence-bests-humans-at-classic-arcade-games?utm_source=slashdot&amp;utm_medium=googleplus"" onclick=""javascript:window.open(this.href,'', 'menubar=no,toolbar=no,resizable=yes,scrollbars=yes,height=600,width=600');return false;""><img src=""http://www.gstatic.com/images/icons/gplus-16.png"" alt=""Share on Google+""/></a> </div></p><p><a href=""http://games.slashdot.org/story/15/02/25/2020237/artificial-intelligence-bests-humans-at-classic-arcade-games?utm_source=rss1.0moreanon&amp;utm_medium=feed"">Read more of this story</a> at Slashdot.</p><iframe src=""http://slashdot.org/slashdot-it.pl?op=discuss&amp;id=7015563&amp;smallembed=1"" style=""height: 300px; width: 100%; border: none;""></iframe><img width='1' height='1' src='http://slashdot.feedsportal.com/c/35028/f/647410/s/43cbba6d/sc/38/mf.gif' border='0'/><br clear='all'/><br/><br/><a href=""http://da.feedsportal.com/r/222166534554/u/49/f/647410/c/35028/s/43cbba6d/sc/38/rc/1/rc.htm"" rel=""nofollow""><img src=""http://da.feedsportal.com/r/222166534554/u/49/f/647410/c/35028/s/43cbba6d/sc/38/rc/1/rc.img"" border=""0""/></a><br/><a href=""http://da.feedsportal.com/r/222166534554/u/49/f/647410/c/35028/s/43cbba6d/sc/38/rc/2/rc.htm"" rel=""nofollow""><img src=""http://da.feedsportal.com/r/222166534554/u/49/f/647410/c/35028/s/43cbba6d/sc/38/rc/2/rc.img"" border=""0""/></a><br/><a href=""http://da.feedsportal.com/r/222166534554/u/49/f/647410/c/35028/s/43cbba6d/sc/38/rc/3/rc.htm"" rel=""nofollow""><img src=""http://da.feedsportal.com/r/222166534554/u/49/f/647410/c/35028/s/43cbba6d/sc/38/rc/3/rc.img"" border=""0""/></a><br/><br/><a href=""http://da.feedsportal.com/r/222166534554/u/49/f/647410/c/35028/s/43cbba6d/sc/38/a2.htm""><img src=""http://da.feedsportal.com/r/222166534554/u/49/f/647410/c/35028/s/43cbba6d/sc/38/a2.img"" border=""0""/></a><img width=""1"" height=""1"" src=""http://pi.feedsportal.com/r/222166534554/u/49/f/647410/c/35028/s/43cbba6d/sc/38/a2t.img"" border=""0""/><img src=""//feeds.feedburner.com/~r/Slashdot/slashdot/~4/wMNAOdBr6Dk"" height=""1"" width=""1"" alt=""""/>"
Authorities recruit college for help finding human head (The Arizona Republic),http://news.feedzilla.com/en_us/stories/science/422778095?client_source=api&format=json,"POCATELLO, Idaho (AP) -- Authorities have recruited Idaho State University
staff and graduate students to search some large caves for a missing human
head in a mysterious cold-case killing....

"
Carnival of Space #394 (Universe Today),http://news.feedzilla.com/en_us/stories/science/422785925?client_source=api&format=json,"This week's Carnival of Space is hosted by Brian Wang at his Next Big Future
blog. Click here to read Carnival of Space #394 (...)Read the rest of Carnival
of Space #394 (89 words) © susie for Universe Today, 2015. | Permalink | No
comment | Post tags: Carnival of Space Feed enhanced by Better Feed […]

"
Ceres' Mystery Bright Dots May Have Volcanic Origin,http://rss.slashdot.org/~r/Slashdot/slashdot/~3/61w0sE3MYro/story01.htm,"astroengine writes As NASA's Dawn mission slowly spirals in on its dwarf planet target, Ceres' alien landscape is becoming sharper by the day. And, at a distance of only 29,000 miles (46,000 kilometers), the robotic spacecraft has revealed multiple bright patches on the surface, but one of the brightest spots has revealed a dimmer bright patch right next door. ""Ceres' bright spot can now be seen to have a companion of lesser brightness, but apparently in the same basin,"" said Chris Russell, of the University of California, Los Angeles (UCLA) and principal investigator for the Dawn mission. ""This may be pointing to a volcano-like origin of the spots, but we will have to wait for better resolution before we can make such geologic interpretations.""<p><div class=""share_submission"" style=""position:relative;""> <a class=""slashpop"" href=""http://twitter.com/home?status=Ceres'+Mystery+Bright+Dots+May+Have+Volcanic+Origin%3A+http%3A%2F%2Fbit.ly%2F1DbV3EK""><img src=""http://a.fsdn.com/sd/twitter_icon_large.png""></a> <a class=""slashpop"" href=""http://www.facebook.com/sharer.php?u=http%3A%2F%2Fscience.slashdot.org%2Fstory%2F15%2F02%2F25%2F2315220%2Fceres-mystery-bright-dots-may-have-volcanic-origin%3Futm_source%3Dslashdot%26utm_medium%3Dfacebook""><img src=""http://a.fsdn.com/sd/facebook_icon_large.png""></a> <a class=""nobg"" href=""http://plus.google.com/share?url=http://science.slashdot.org/story/15/02/25/2315220/ceres-mystery-bright-dots-may-have-volcanic-origin?utm_source=slashdot&amp;utm_medium=googleplus"" onclick=""javascript:window.open(this.href,'', 'menubar=no,toolbar=no,resizable=yes,scrollbars=yes,height=600,width=600');return false;""><img src=""http://www.gstatic.com/images/icons/gplus-16.png"" alt=""Share on Google+""/></a> </div></p><p><a href=""http://science.slashdot.org/story/15/02/25/2315220/ceres-mystery-bright-dots-may-have-volcanic-origin?utm_source=rss1.0moreanon&amp;utm_medium=feed"">Read more of this story</a> at Slashdot.</p><iframe src=""http://slashdot.org/slashdot-it.pl?op=discuss&amp;id=7016091&amp;smallembed=1"" style=""height: 300px; width: 100%; border: none;""></iframe><img width='1' height='1' src='http://slashdot.feedsportal.com/c/35028/f/647410/s/43cc96d3/sc/10/mf.gif' border='0'/><br clear='all'/><br/><br/><a href=""http://da.feedsportal.com/r/222166545311/u/49/f/647410/c/35028/s/43cc96d3/sc/10/rc/1/rc.htm"" rel=""nofollow""><img src=""http://da.feedsportal.com/r/222166545311/u/49/f/647410/c/35028/s/43cc96d3/sc/10/rc/1/rc.img"" border=""0""/></a><br/><a href=""http://da.feedsportal.com/r/222166545311/u/49/f/647410/c/35028/s/43cc96d3/sc/10/rc/2/rc.htm"" rel=""nofollow""><img src=""http://da.feedsportal.com/r/222166545311/u/49/f/647410/c/35028/s/43cc96d3/sc/10/rc/2/rc.img"" border=""0""/></a><br/><a href=""http://da.feedsportal.com/r/222166545311/u/49/f/647410/c/35028/s/43cc96d3/sc/10/rc/3/rc.htm"" rel=""nofollow""><img src=""http://da.feedsportal.com/r/222166545311/u/49/f/647410/c/35028/s/43cc96d3/sc/10/rc/3/rc.img"" border=""0""/></a><br/><br/><a href=""http://da.feedsportal.com/r/222166545311/u/49/f/647410/c/35028/s/43cc96d3/sc/10/a2.htm""><img src=""http://da.feedsportal.com/r/222166545311/u/49/f/647410/c/35028/s/43cc96d3/sc/10/a2.img"" border=""0""/></a><img width=""1"" height=""1"" src=""http://pi.feedsportal.com/r/222166545311/u/49/f/647410/c/35028/s/43cc96d3/sc/10/a2t.img"" border=""0""/><img src=""//feeds.feedburner.com/~r/Slashdot/slashdot/~4/61w0sE3MYro"" height=""1"" width=""1"" alt=""""/>"
Cold Wind Can Take a Back Seat (New York Times),http://news.feedzilla.com/en_us/stories/science/422812763?client_source=api&format=json,"The Rug Company’s new alpaca blankets with patterns more subdued than one may
expect.

"
Competition among Physicians and Retail Clinics Drive up Antibiotic Prescribing Rate (bioethicscom),http://news.feedzilla.com/en_us/stories/science/422933001?client_source=api&format=json,"(Medical Xpress) - Competition among doctors' offices, urgent care centers and
retail medical clinics in wealthy areas of the U.S. often leads to an increase
in the number of antibiotic prescriptions written per person, a team led by
Johns Hopkins … Read More

"
Cutting-Edge Technology Optimizes Cancer Therapy with Nanomedicine Drug Combinations (bioethicscom),http://news.feedzilla.com/en_us/stories/science/422933006?client_source=api&format=json,"(Nanotechnology Now) - In greater than 90 percent of cases in which treatment
for metastatic cancer fails, the reason is that the cancer is resistant to the
drugs being used. To treat drug-resistant tumors, doctors typically use
multiple drugs simultaneously, … Read More

"
Developers Disclose Schematics For 50-1000 MHz Software-Defined Transceiver,http://rss.slashdot.org/~r/Slashdot/slashdot/~3/-6lbD9QsJZQ/story01.htm,"Bruce Perens writes Chris Testa KD2BMH and I have been working for years on a software-defined transceiver that would be FCC-legal and could communicate using essentially any mode and protocol up to 1 MHz wide on frequencies between 50 and 1000 MHz. It's been discussed here before, most recently when Chris taught gate-array programming in Python. We are about to submit the third generation of the design for PCB fabrication, and hope that this version will be salable as a ""developer board"" and later as a packaged walkie-talkie, mobile, and base station. This radio is unique in that it uses your smartphone for the GUI, uses apps to provide communication modes, contains an on-board FLASH-based gate-array and a ucLinux system. We intend to go for FSF ""Respects Your Freedom"" certification for the device. My slide show contains 20 pages of schematics and is full of ham jargon (""HT"" means ""handi-talkie"", an old Motorola product name and the hams word for ""walkie talkie"") but many non-hams should be able to parse it with some help from search engines. Bruce Perens K6BP<p><div class=""share_submission"" style=""position:relative;""> <a class=""slashpop"" href=""http://twitter.com/home?status=Developers+Disclose+Schematics+For+50-1000+MHz+Software-Defined+Transceiver%3A+http%3A%2F%2Fbit.ly%2F1vA2mIV""><img src=""http://a.fsdn.com/sd/twitter_icon_large.png""></a> <a class=""slashpop"" href=""http://www.facebook.com/sharer.php?u=http%3A%2F%2Fhardware.slashdot.org%2Fstory%2F15%2F02%2F25%2F2255225%2Fdevelopers-disclose-schematics-for-50-1000-mhz-software-defined-transceiver%3Futm_source%3Dslashdot%26utm_medium%3Dfacebook""><img src=""http://a.fsdn.com/sd/facebook_icon_large.png""></a> <a class=""nobg"" href=""http://plus.google.com/share?url=http://hardware.slashdot.org/story/15/02/25/2255225/developers-disclose-schematics-for-50-1000-mhz-software-defined-transceiver?utm_source=slashdot&amp;utm_medium=googleplus"" onclick=""javascript:window.open(this.href,'', 'menubar=no,toolbar=no,resizable=yes,scrollbars=yes,height=600,width=600');return false;""><img src=""http://www.gstatic.com/images/icons/gplus-16.png"" alt=""Share on Google+""/></a> </div></p><p><a href=""http://hardware.slashdot.org/story/15/02/25/2255225/developers-disclose-schematics-for-50-1000-mhz-software-defined-transceiver?utm_source=rss1.0moreanon&amp;utm_medium=feed"">Read more of this story</a> at Slashdot.</p><iframe src=""http://slashdot.org/slashdot-it.pl?op=discuss&amp;id=7016043&amp;smallembed=1"" style=""height: 300px; width: 100%; border: none;""></iframe><img width='1' height='1' src='http://slashdot.feedsportal.com/c/35028/f/647410/s/43cc96d6/sc/4/mf.gif' border='0'/><br clear='all'/><br/><br/><a href=""http://da.feedsportal.com/r/222166545310/u/49/f/647410/c/35028/s/43cc96d6/sc/4/rc/1/rc.htm"" rel=""nofollow""><img src=""http://da.feedsportal.com/r/222166545310/u/49/f/647410/c/35028/s/43cc96d6/sc/4/rc/1/rc.img"" border=""0""/></a><br/><a href=""http://da.feedsportal.com/r/222166545310/u/49/f/647410/c/35028/s/43cc96d6/sc/4/rc/2/rc.htm"" rel=""nofollow""><img src=""http://da.feedsportal.com/r/222166545310/u/49/f/647410/c/35028/s/43cc96d6/sc/4/rc/2/rc.img"" border=""0""/></a><br/><a href=""http://da.feedsportal.com/r/222166545310/u/49/f/647410/c/35028/s/43cc96d6/sc/4/rc/3/rc.htm"" rel=""nofollow""><img src=""http://da.feedsportal.com/r/222166545310/u/49/f/647410/c/35028/s/43cc96d6/sc/4/rc/3/rc.img"" border=""0""/></a><br/><br/><a href=""http://da.feedsportal.com/r/222166545310/u/49/f/647410/c/35028/s/43cc96d6/sc/4/a2.htm""><img src=""http://da.feedsportal.com/r/222166545310/u/49/f/647410/c/35028/s/43cc96d6/sc/4/a2.img"" border=""0""/></a><img width=""1"" height=""1"" src=""http://pi.feedsportal.com/r/222166545310/u/49/f/647410/c/35028/s/43cc96d6/sc/4/a2t.img"" border=""0""/><img src=""//feeds.feedburner.com/~r/Slashdot/slashdot/~4/-6lbD9QsJZQ"" height=""1"" width=""1"" alt=""""/>"
"Drones Cost $28,000 Per Arrest, On Average",http://rss.slashdot.org/~r/Slashdot/slashdot/~3/5SJlekzEj5w/story01.htm,"mpicpp sends this report from CNN: They are sleek, mostly silent converted weapons of war: Drones used by the Border Patrol to scan the skies in the empty deserts of the Southwest to spot illegal immigrants and then, if things work out, have agents arrest them. That's the idea, and the agents who use them say the drones give them a vantage point they never had before. Flying at 18,000 feet, the drones view the landscape below, lock onto potential suspects crossing the Arizona desert, and agents on the ground move into make the arrests. But it's outrageously expensive: $28,000 for a single arrest.<p><div class=""share_submission"" style=""position:relative;""> <a class=""slashpop"" href=""http://twitter.com/home?status=Drones+Cost+%2428%2C000+Per+Arrest%2C+On+Average%3A+http%3A%2F%2Fbit.ly%2F1ANO9qL""><img src=""http://a.fsdn.com/sd/twitter_icon_large.png""></a> <a class=""slashpop"" href=""http://www.facebook.com/sharer.php?u=http%3A%2F%2Ftech.slashdot.org%2Fstory%2F15%2F02%2F26%2F1415221%2Fdrones-cost-28000-per-arrest-on-average%3Futm_source%3Dslashdot%26utm_medium%3Dfacebook""><img src=""http://a.fsdn.com/sd/facebook_icon_large.png""></a> <a class=""nobg"" href=""http://plus.google.com/share?url=http://tech.slashdot.org/story/15/02/26/1415221/drones-cost-28000-per-arrest-on-average?utm_source=slashdot&amp;utm_medium=googleplus"" onclick=""javascript:window.open(this.href,'', 'menubar=no,toolbar=no,resizable=yes,scrollbars=yes,height=600,width=600');return false;""><img src=""http://www.gstatic.com/images/icons/gplus-16.png"" alt=""Share on Google+""/></a> </div></p><p><a href=""http://tech.slashdot.org/story/15/02/26/1415221/drones-cost-28000-per-arrest-on-average?utm_source=rss1.0moreanon&amp;utm_medium=feed"">Read more of this story</a> at Slashdot.</p><iframe src=""http://slashdot.org/slashdot-it.pl?op=discuss&amp;id=7020169&amp;smallembed=1"" style=""height: 300px; width: 100%; border: none;""></iframe><img width='1' height='1' src='http://slashdot.feedsportal.com/c/35028/f/647410/s/43d2a700/sc/10/mf.gif' border='0'/><br clear='all'/><br/><br/><a href=""http://da.feedsportal.com/r/222166566900/u/49/f/647410/c/35028/s/43d2a700/sc/10/rc/1/rc.htm"" rel=""nofollow""><img src=""http://da.feedsportal.com/r/222166566900/u/49/f/647410/c/35028/s/43d2a700/sc/10/rc/1/rc.img"" border=""0""/></a><br/><a href=""http://da.feedsportal.com/r/222166566900/u/49/f/647410/c/35028/s/43d2a700/sc/10/rc/2/rc.htm"" rel=""nofollow""><img src=""http://da.feedsportal.com/r/222166566900/u/49/f/647410/c/35028/s/43d2a700/sc/10/rc/2/rc.img"" border=""0""/></a><br/><a href=""http://da.feedsportal.com/r/222166566900/u/49/f/647410/c/35028/s/43d2a700/sc/10/rc/3/rc.htm"" rel=""nofollow""><img src=""http://da.feedsportal.com/r/222166566900/u/49/f/647410/c/35028/s/43d2a700/sc/10/rc/3/rc.img"" border=""0""/></a><br/><br/><a href=""http://da.feedsportal.com/r/222166566900/u/49/f/647410/c/35028/s/43d2a700/sc/10/a2.htm""><img src=""http://da.feedsportal.com/r/222166566900/u/49/f/647410/c/35028/s/43d2a700/sc/10/a2.img"" border=""0""/></a><img width=""1"" height=""1"" src=""http://pi.feedsportal.com/r/222166566900/u/49/f/647410/c/35028/s/43d2a700/sc/10/a2t.img"" border=""0""/><img src=""//feeds.feedburner.com/~r/Slashdot/slashdot/~4/5SJlekzEj5w"" height=""1"" width=""1"" alt=""""/>"
Drugs for Metabolism Could Reverse Lupus (Scientific American),http://news.feedzilla.com/en_us/stories/science/422926078?client_source=api&format=json,"Immune cells in mice with lupus symptoms have overactive metabolisms, so
scientists inhibited two metabolic pathways and succeeded in reversing lupus
symptoms in mice


-- Read more on ScientificAmerican.com

"
Giant Asteroid Collision May Have Radically Transformed Mars (Scientific American),http://news.feedzilla.com/en_us/stories/science/422761823?client_source=api&format=json,"An ancient, global-scale collision could explain the Red Planet's mysterious
""two-faced"" appearance


-- Read more on ScientificAmerican.com

"
Google wants to build new headquarters (CBS News),http://news.feedzilla.com/en_us/stories/science/422933287?client_source=api&format=json,"Search giant plans this week to present local officials with a plan for
expanding its Silicon Valley base

"
IPCC sea-level rise scenarios not fit for purpose for high-risk coastal areas (Eurekalert),http://news.feedzilla.com/en_us/stories/science/422933626?client_source=api&format=json,"(_University of Southampton_) The sea-level rise scenarios of the
Intergovernmental Panel on Climate Change do not necessarily provide the right
information for high-risk coastal decision-making and management, according to
new research involving scientists from the University of Southampton.

"
Intel To Rebrand Atom Chips Along Lines of Core Processors,http://rss.slashdot.org/~r/Slashdot/slashdot/~3/ablnk7zCazQ/story01.htm,"angry tapir writes Intel has announced that going forward it will use style of branding for its Atom chips that is similar to its branding for Core chips. Atom CPUs will have the X3, X5 and X7 designations, much like with the Core i3, i5 and i7 brands. An Atom X3 will deliver good performance, X5 will be better and X7 will be the best, an Intel spokeswoman said.<p><div class=""share_submission"" style=""position:relative;""> <a class=""slashpop"" href=""http://twitter.com/home?status=Intel+To+Rebrand+Atom+Chips+Along+Lines+of+Core+Processors%3A+http%3A%2F%2Fbit.ly%2F1LLuUmG""><img src=""http://a.fsdn.com/sd/twitter_icon_large.png""></a> <a class=""slashpop"" href=""http://www.facebook.com/sharer.php?u=http%3A%2F%2Fhardware.slashdot.org%2Fstory%2F15%2F02%2F26%2F0121229%2Fintel-to-rebrand-atom-chips-along-lines-of-core-processors%3Futm_source%3Dslashdot%26utm_medium%3Dfacebook""><img src=""http://a.fsdn.com/sd/facebook_icon_large.png""></a> <a class=""nobg"" href=""http://plus.google.com/share?url=http://hardware.slashdot.org/story/15/02/26/0121229/intel-to-rebrand-atom-chips-along-lines-of-core-processors?utm_source=slashdot&amp;utm_medium=googleplus"" onclick=""javascript:window.open(this.href,'', 'menubar=no,toolbar=no,resizable=yes,scrollbars=yes,height=600,width=600');return false;""><img src=""http://www.gstatic.com/images/icons/gplus-16.png"" alt=""Share on Google+""/></a> </div></p><p><a href=""http://hardware.slashdot.org/story/15/02/26/0121229/intel-to-rebrand-atom-chips-along-lines-of-core-processors?utm_source=rss1.0moreanon&amp;utm_medium=feed"">Read more of this story</a> at Slashdot.</p><iframe src=""http://slashdot.org/slashdot-it.pl?op=discuss&amp;id=7016341&amp;smallembed=1"" style=""height: 300px; width: 100%; border: none;""></iframe><img width='1' height='1' src='http://slashdot.feedsportal.com/c/35028/f/647410/s/43d2696f/sc/4/mf.gif' border='0'/><br clear='all'/><br/><br/><a href=""http://da.feedsportal.com/r/222166570374/u/49/f/647410/c/35028/s/43d2696f/sc/4/rc/1/rc.htm"" rel=""nofollow""><img src=""http://da.feedsportal.com/r/222166570374/u/49/f/647410/c/35028/s/43d2696f/sc/4/rc/1/rc.img"" border=""0""/></a><br/><a href=""http://da.feedsportal.com/r/222166570374/u/49/f/647410/c/35028/s/43d2696f/sc/4/rc/2/rc.htm"" rel=""nofollow""><img src=""http://da.feedsportal.com/r/222166570374/u/49/f/647410/c/35028/s/43d2696f/sc/4/rc/2/rc.img"" border=""0""/></a><br/><a href=""http://da.feedsportal.com/r/222166570374/u/49/f/647410/c/35028/s/43d2696f/sc/4/rc/3/rc.htm"" rel=""nofollow""><img src=""http://da.feedsportal.com/r/222166570374/u/49/f/647410/c/35028/s/43d2696f/sc/4/rc/3/rc.img"" border=""0""/></a><br/><br/><a href=""http://da.feedsportal.com/r/222166570374/u/49/f/647410/c/35028/s/43d2696f/sc/4/a2.htm""><img src=""http://da.feedsportal.com/r/222166570374/u/49/f/647410/c/35028/s/43d2696f/sc/4/a2.img"" border=""0""/></a><img width=""1"" height=""1"" src=""http://pi.feedsportal.com/r/222166570374/u/49/f/647410/c/35028/s/43d2696f/sc/4/a2t.img"" border=""0""/><img src=""//feeds.feedburner.com/~r/Slashdot/slashdot/~4/ablnk7zCazQ"" height=""1"" width=""1"" alt=""""/>"
"Intel Updates NUC Mini PC Line With Broadwell-U, Tested and Benchmarked",http://rss.slashdot.org/~r/Slashdot/slashdot/~3/f0HhQ0ctHD4/story01.htm,"MojoKid writes Intel recently released its latest generation of NUC small form factor systems, based on the company's new low-power Broadwell-U series processors. The primary advantages of Intel's 5th Generation Core Series Broadwell-U-based processors are better performance-per-watt, stronger integrated graphics, and a smaller footprint, all things that are perfectly suited to the company's NUC (Next Unit of Computing) products. The Intel NUC5i5RYK packs a Core i5-5250U processor with on-die Intel HD 6000 series graphics. The system also sports built-in 802.11ac Wi-Fi, Gigabit Ethernet, USB 3.0 and USB 2.0, M.2 SSD support, and a host of other features, all in a 115mm x 111mm x 32.7mm enclosure. Performance-wise the new 5th Gen Core Series-powered NUC benchmarks like a midrange notebook and is actually up for a bit of light-duty gaming, though it's probably more at home as a Home Theater PC, media streamer or kiosk desktop machine.<p><div class=""share_submission"" style=""position:relative;""> <a class=""slashpop"" href=""http://twitter.com/home?status=Intel+Updates+NUC+Mini+PC+Line+With+Broadwell-U%2C+Tested+and+Benchmarked%3A+http%3A%2F%2Fbit.ly%2F1DWv5dS""><img src=""http://a.fsdn.com/sd/twitter_icon_large.png""></a> <a class=""slashpop"" href=""http://www.facebook.com/sharer.php?u=http%3A%2F%2Fhardware.slashdot.org%2Fstory%2F15%2F02%2F25%2F2022256%2Fintel-updates-nuc-mini-pc-line-with-broadwell-u-tested-and-benchmarked%3Futm_source%3Dslashdot%26utm_medium%3Dfacebook""><img src=""http://a.fsdn.com/sd/facebook_icon_large.png""></a> <a class=""nobg"" href=""http://plus.google.com/share?url=http://hardware.slashdot.org/story/15/02/25/2022256/intel-updates-nuc-mini-pc-line-with-broadwell-u-tested-and-benchmarked?utm_source=slashdot&amp;utm_medium=googleplus"" onclick=""javascript:window.open(this.href,'', 'menubar=no,toolbar=no,resizable=yes,scrollbars=yes,height=600,width=600');return false;""><img src=""http://www.gstatic.com/images/icons/gplus-16.png"" alt=""Share on Google+""/></a> </div></p><p><a href=""http://hardware.slashdot.org/story/15/02/25/2022256/intel-updates-nuc-mini-pc-line-with-broadwell-u-tested-and-benchmarked?utm_source=rss1.0moreanon&amp;utm_medium=feed"">Read more of this story</a> at Slashdot.</p><iframe src=""http://slashdot.org/slashdot-it.pl?op=discuss&amp;id=7015565&amp;smallembed=1"" style=""height: 300px; width: 100%; border: none;""></iframe><img width='1' height='1' src='http://slashdot.feedsportal.com/c/35028/f/647410/s/43cb8057/sc/15/mf.gif' border='0'/><br clear='all'/><br/><br/><a href=""http://da.feedsportal.com/r/222166539185/u/49/f/647410/c/35028/s/43cb8057/sc/15/rc/1/rc.htm"" rel=""nofollow""><img src=""http://da.feedsportal.com/r/222166539185/u/49/f/647410/c/35028/s/43cb8057/sc/15/rc/1/rc.img"" border=""0""/></a><br/><a href=""http://da.feedsportal.com/r/222166539185/u/49/f/647410/c/35028/s/43cb8057/sc/15/rc/2/rc.htm"" rel=""nofollow""><img src=""http://da.feedsportal.com/r/222166539185/u/49/f/647410/c/35028/s/43cb8057/sc/15/rc/2/rc.img"" border=""0""/></a><br/><a href=""http://da.feedsportal.com/r/222166539185/u/49/f/647410/c/35028/s/43cb8057/sc/15/rc/3/rc.htm"" rel=""nofollow""><img src=""http://da.feedsportal.com/r/222166539185/u/49/f/647410/c/35028/s/43cb8057/sc/15/rc/3/rc.img"" border=""0""/></a><br/><br/><a href=""http://da.feedsportal.com/r/222166539185/u/49/f/647410/c/35028/s/43cb8057/sc/15/a2.htm""><img src=""http://da.feedsportal.com/r/222166539185/u/49/f/647410/c/35028/s/43cb8057/sc/15/a2.img"" border=""0""/></a><img width=""1"" height=""1"" src=""http://pi.feedsportal.com/r/222166539185/u/49/f/647410/c/35028/s/43cb8057/sc/15/a2t.img"" border=""0""/><img src=""//feeds.feedburner.com/~r/Slashdot/slashdot/~4/f0HhQ0ctHD4"" height=""1"" width=""1"" alt=""""/>"
It's Official: NSA Spying Is Hurting the US Tech Economy,http://rss.slashdot.org/~r/Slashdot/slashdot/~3/EipipVz3nyM/story01.htm,"An anonymous reader writes China is backing away from U.S. tech brands for state purchases as NSA revelations, according to Reuters, which confirms what many US technology companies have been saying for the past year: the activities by the NSA are harming their businesses in crucial growth markets, including China. From the article: ""A new report confirmed key brands, including Cisco, Apple, Intel, and McAfee -- among others -- have been dropped from the Chinese government's list of authorized brands, a Reuters report said Wednesday. The number of approved foreign technology brands fell by a third, based on an analysis of the procurement list. Less than half of those companies with security products remain on the list.""<p><div class=""share_submission"" style=""position:relative;""> <a class=""slashpop"" href=""http://twitter.com/home?status=It's+Official%3A+NSA+Spying+Is+Hurting+the+US+Tech+Economy%3A+http%3A%2F%2Fbit.ly%2F1LE9Nki""><img src=""http://a.fsdn.com/sd/twitter_icon_large.png""></a> <a class=""slashpop"" href=""http://www.facebook.com/sharer.php?u=http%3A%2F%2Fapple.slashdot.org%2Fstory%2F15%2F02%2F25%2F1850239%2Fits-official-nsa-spying-is-hurting-the-us-tech-economy%3Futm_source%3Dslashdot%26utm_medium%3Dfacebook""><img src=""http://a.fsdn.com/sd/facebook_icon_large.png""></a> <a class=""nobg"" href=""http://plus.google.com/share?url=http://apple.slashdot.org/story/15/02/25/1850239/its-official-nsa-spying-is-hurting-the-us-tech-economy?utm_source=slashdot&amp;utm_medium=googleplus"" onclick=""javascript:window.open(this.href,'', 'menubar=no,toolbar=no,resizable=yes,scrollbars=yes,height=600,width=600');return false;""><img src=""http://www.gstatic.com/images/icons/gplus-16.png"" alt=""Share on Google+""/></a> </div></p><p><a href=""http://apple.slashdot.org/story/15/02/25/1850239/its-official-nsa-spying-is-hurting-the-us-tech-economy?utm_source=rss1.0moreanon&amp;utm_medium=feed"">Read more of this story</a> at Slashdot.</p><iframe src=""http://slashdot.org/slashdot-it.pl?op=discuss&amp;id=7015281&amp;smallembed=1"" style=""height: 300px; width: 100%; border: none;""></iframe><img width='1' height='1' src='http://slashdot.feedsportal.com/c/35028/f/647410/s/43cc7418/sc/46/mf.gif' border='0'/><br clear='all'/><img src=""//feeds.feedburner.com/~r/Slashdot/slashdot/~4/EipipVz3nyM"" height=""1"" width=""1"" alt=""""/>"
It's Official: NSA Spying Is Hurting the US Tech Economy,http://rss.slashdot.org/~r/Slashdot/slashdot/~3/r4k9ZVmctAc/story01.htm,"An anonymous reader writes China is backing away from U.S. tech brands for state purchases as NSA revelations, according to Reuters, which confirms what many US technology companies have been saying for the past year: the activities by the NSA are harming their businesses in crucial growth markets, including China. From the article: ""A new report confirmed key brands, including Cisco, Apple, Intel, and McAfee -- among others -- have been dropped from the Chinese government's list of authorized brands, a Reuters report said Wednesday. The number of approved foreign technology brands fell by a third, based on an analysis of the procurement list. Less than half of those companies with security products remain on the list.""<p><div class=""share_submission"" style=""position:relative;""> <a class=""slashpop"" href=""http://twitter.com/home?status=It's+Official%3A+NSA+Spying+Is+Hurting+the+US+Tech+Economy%3A+http%3A%2F%2Fbit.ly%2F1LE9Nki""><img src=""http://a.fsdn.com/sd/twitter_icon_large.png""></a> <a class=""slashpop"" href=""http://www.facebook.com/sharer.php?u=http%3A%2F%2Fnews.slashdot.org%2Fstory%2F15%2F02%2F25%2F1850239%2Fits-official-nsa-spying-is-hurting-the-us-tech-economy%3Futm_source%3Dslashdot%26utm_medium%3Dfacebook""><img src=""http://a.fsdn.com/sd/facebook_icon_large.png""></a> <a class=""nobg"" href=""http://plus.google.com/share?url=http://news.slashdot.org/story/15/02/25/1850239/its-official-nsa-spying-is-hurting-the-us-tech-economy?utm_source=slashdot&amp;utm_medium=googleplus"" onclick=""javascript:window.open(this.href,'', 'menubar=no,toolbar=no,resizable=yes,scrollbars=yes,height=600,width=600');return false;""><img src=""http://www.gstatic.com/images/icons/gplus-16.png"" alt=""Share on Google+""/></a> </div></p><p><a href=""http://news.slashdot.org/story/15/02/25/1850239/its-official-nsa-spying-is-hurting-the-us-tech-economy?utm_source=rss1.0moreanon&amp;utm_medium=feed"">Read more of this story</a> at Slashdot.</p><iframe src=""http://slashdot.org/slashdot-it.pl?op=discuss&amp;id=7015281&amp;smallembed=1"" style=""height: 300px; width: 100%; border: none;""></iframe><img width='1' height='1' src='http://slashdot.feedsportal.com/c/35028/f/647410/s/43cb0688/sc/24/mf.gif' border='0'/><br clear='all'/><br/><br/><a href=""http://da.feedsportal.com/r/222166554399/u/49/f/647410/c/35028/s/43cb0688/sc/24/rc/1/rc.htm"" rel=""nofollow""><img src=""http://da.feedsportal.com/r/222166554399/u/49/f/647410/c/35028/s/43cb0688/sc/24/rc/1/rc.img"" border=""0""/></a><br/><a href=""http://da.feedsportal.com/r/222166554399/u/49/f/647410/c/35028/s/43cb0688/sc/24/rc/2/rc.htm"" rel=""nofollow""><img src=""http://da.feedsportal.com/r/222166554399/u/49/f/647410/c/35028/s/43cb0688/sc/24/rc/2/rc.img"" border=""0""/></a><br/><a href=""http://da.feedsportal.com/r/222166554399/u/49/f/647410/c/35028/s/43cb0688/sc/24/rc/3/rc.htm"" rel=""nofollow""><img src=""http://da.feedsportal.com/r/222166554399/u/49/f/647410/c/35028/s/43cb0688/sc/24/rc/3/rc.img"" border=""0""/></a><br/><br/><a href=""http://da.feedsportal.com/r/222166554399/u/49/f/647410/c/35028/s/43cb0688/sc/24/a2.htm""><img src=""http://da.feedsportal.com/r/222166554399/u/49/f/647410/c/35028/s/43cb0688/sc/24/a2.img"" border=""0""/></a><img width=""1"" height=""1"" src=""http://pi.feedsportal.com/r/222166554399/u/49/f/647410/c/35028/s/43cb0688/sc/24/a2t.img"" border=""0""/><img src=""//feeds.feedburner.com/~r/Slashdot/slashdot/~4/r4k9ZVmctAc"" height=""1"" width=""1"" alt=""""/>"
Lawmakers Seek Information On Funding For Climate Change Critics,http://rss.slashdot.org/~r/Slashdot/slashdot/~3/8uCZDbyeXXU/story01.htm,"HughPickens.com writes: John Schwartz reports at the NY Times that prominent members of the U.S. House of Representatives and the Senate are demanding information from universities, companies and trade groups about funding for scientists who publicly dispute widely held views on the causes and risks of climate change. In letters sent to seven universities, Representative Ra&#250;l M. Grijalva, an Arizona Democrat who is the ranking member of the House committee on natural resources, sent detailed requests to the academic employers of scientists who had testified before Congress about climate change. ""My colleagues and I cannot perform our duties if research or testimony provided to us is influenced by undisclosed financial relationships."" Grijalva asked for each university's policies on financial disclosure and the amount and sources of outside funding for each scholar, ""communications regarding the funding"" and ""all drafts"" of testimony. Meanwhile Edward J. Markey of Massachusetts, Barbara Boxer of California and Sheldon Whitehouse of Rhode Island. sent 100 letters to fossil fuel companies, trade groups and other organizations asking about their funding of climate research and advocacy asking for responses by April 3. ""Corporate special interests shouldn't be able to secretly peddle the best junk science money can buy,"" said Senator Markey, denouncing what he called ""denial-for-hire operations."" The letters come after evidence emerged over the weekend that Wei-Hock Soon, known as Willie, a scientist at the Harvard-Smithsonian Center for Astrophysics, had failed to disclose the industry funding for his academic work. The documents also included correspondence between Dr. Soon and the companies who funded his work in which he referred to his papers and testimony as ""deliverables."" Soon accepted more than $1.2 million in money from the fossil-fuel industry over the last decade while failing to disclose that conflict of interest in most of his scientific papers. At least 11 papers he has published since 2008 omitted such a disclosure, and in at least eight of those cases, he appears to have violated ethical guidelines of the journals that published his work. ""What it shows is the continuation of a long-term campaign by specific fossil-fuel companies and interests to undermine the scientific consensus on climate change,"" says Kert Davies.<p><div class=""share_submission"" style=""position:relative;""> <a class=""slashpop"" href=""http://twitter.com/home?status=Lawmakers+Seek+Information+On+Funding+For+Climate+Change+Critics%3A+http%3A%2F%2Fbit.ly%2F1LMab1X""><img src=""http://a.fsdn.com/sd/twitter_icon_large.png""></a> <a class=""slashpop"" href=""http://www.facebook.com/sharer.php?u=http%3A%2F%2Fnews.slashdot.org%2Fstory%2F15%2F02%2F26%2F156250%2Flawmakers-seek-information-on-funding-for-climate-change-critics%3Futm_source%3Dslashdot%26utm_medium%3Dfacebook""><img src=""http://a.fsdn.com/sd/facebook_icon_large.png""></a> <a class=""nobg"" href=""http://plus.google.com/share?url=http://news.slashdot.org/story/15/02/26/156250/lawmakers-seek-information-on-funding-for-climate-change-critics?utm_source=slashdot&amp;utm_medium=googleplus"" onclick=""javascript:window.open(this.href,'', 'menubar=no,toolbar=no,resizable=yes,scrollbars=yes,height=600,width=600');return false;""><img src=""http://www.gstatic.com/images/icons/gplus-16.png"" alt=""Share on Google+""/></a> </div></p><p><a href=""http://news.slashdot.org/story/15/02/26/156250/lawmakers-seek-information-on-funding-for-climate-change-critics?utm_source=rss1.0moreanon&amp;utm_medium=feed"">Read more of this story</a> at Slashdot.</p><iframe src=""http://slashdot.org/slashdot-it.pl?op=discuss&amp;id=7020327&amp;smallembed=1"" style=""height: 300px; width: 100%; border: none;""></iframe><img width='1' height='1' src='http://slashdot.feedsportal.com/c/35028/f/647410/s/43d3832b/sc/7/mf.gif' border='0'/><br clear='all'/><br/><br/><a href=""http://da.feedsportal.com/r/222166605974/u/49/f/647410/c/35028/s/43d3832b/sc/7/rc/1/rc.htm"" rel=""nofollow""><img src=""http://da.feedsportal.com/r/222166605974/u/49/f/647410/c/35028/s/43d3832b/sc/7/rc/1/rc.img"" border=""0""/></a><br/><a href=""http://da.feedsportal.com/r/222166605974/u/49/f/647410/c/35028/s/43d3832b/sc/7/rc/2/rc.htm"" rel=""nofollow""><img src=""http://da.feedsportal.com/r/222166605974/u/49/f/647410/c/35028/s/43d3832b/sc/7/rc/2/rc.img"" border=""0""/></a><br/><a href=""http://da.feedsportal.com/r/222166605974/u/49/f/647410/c/35028/s/43d3832b/sc/7/rc/3/rc.htm"" rel=""nofollow""><img src=""http://da.feedsportal.com/r/222166605974/u/49/f/647410/c/35028/s/43d3832b/sc/7/rc/3/rc.img"" border=""0""/></a><br/><br/><a href=""http://da.feedsportal.com/r/222166605974/u/49/f/647410/c/35028/s/43d3832b/sc/7/a2.htm""><img src=""http://da.feedsportal.com/r/222166605974/u/49/f/647410/c/35028/s/43d3832b/sc/7/a2.img"" border=""0""/></a><img width=""1"" height=""1"" src=""http://pi.feedsportal.com/r/222166605974/u/49/f/647410/c/35028/s/43d3832b/sc/7/a2t.img"" border=""0""/><img src=""//feeds.feedburner.com/~r/Slashdot/slashdot/~4/8uCZDbyeXXU"" height=""1"" width=""1"" alt=""""/>"
Madagascar’s Conservation Superhero to Visit Campus (Duke),http://news.feedzilla.com/en_us/stories/science/422708783?client_source=api&format=json,"

"
Mountain birds beat the odds (Eurekalert),http://news.feedzilla.com/en_us/stories/science/422709066?client_source=api&format=json,"Living on harsh, unforgiving icy mountains can make one mentally sharper, and
this applies to birds as well. That's what Dovid Kozlovsky and his colleagues
at the University of Nevada in the US learned after finding that mountain
chickadees that live at higher altitudes are better problem solvers than birds
of this species hailing from lower regions. Their findings are published in
Springer's journal Behavioral Ecology and Sociobiology.

"
NYC's East River Ice Floes Are a Throwback to the 1800s [Video] (Scientific American),http://news.feedzilla.com/en_us/stories/science/422713539?client_source=api&format=json,"More than a century ago, New York City's East River would freeze over every
few decades, creating major issues for commuters who relied on ferries for
access to Manhattan from the boroughs of...


-- Read more on ScientificAmerican.com

"
New cicada species discovered in Switzerland and Italy (Eurekalert),http://news.feedzilla.com/en_us/stories/science/422933629?client_source=api&format=json,"(_University of Basel_) They belong to the best-known, biggest and loudest
group of insects - and yet they still manage to surprise: Researchers at the
University of Basel have discovered a new singing cicada species in Italy and
southern Switzerland. The insect with a wingspan of four centimeters and a
high pitch song has been named 'Italian Mountain Cicada' (Cicadetta sibillae).
It is one of only ten singing cicada species in Switzerland.

"
Playing physics: Student builds Lego Large Hadron Collider (reuters),http://news.feedzilla.com/en_us/stories/science/422934767?client_source=api&format=json,"LONDON (Reuters) - A particle physics student has used his downtime to build a
Lego model of the world's most powerful particle accelerator, the Large Hadron
Collider (LHC), and is now lobbying the toy company to take it to market.

"
Reddit Imposes Ban On Sexual Content Posted Without Permission,http://rss.slashdot.org/~r/Slashdot/slashdot/~3/F5UGueNybI8/story01.htm,"Mark Wilson writes If you want to post naked pictures or videos of people on Reddit without their consent, you only have a couple of weeks to do so. As of March, the site is imposing a ban on content of an explicit nature that the subject has not given permission to be posted. The cleanup of the site comes hot on the heels of news from Google that explicit content will be banned from Blogger. It also comes in the wake of last year's Fappening which saw a glut of naked celebrity photos leaked online.<p><div class=""share_submission"" style=""position:relative;""> <a class=""slashpop"" href=""http://twitter.com/home?status=Reddit+Imposes+Ban+On+Sexual+Content+Posted+Without+Permission%3A+http%3A%2F%2Fbit.ly%2F1FY1fWU""><img src=""http://a.fsdn.com/sd/twitter_icon_large.png""></a> <a class=""slashpop"" href=""http://www.facebook.com/sharer.php?u=http%3A%2F%2Fyro.slashdot.org%2Fstory%2F15%2F02%2F25%2F2325236%2Freddit-imposes-ban-on-sexual-content-posted-without-permission%3Futm_source%3Dslashdot%26utm_medium%3Dfacebook""><img src=""http://a.fsdn.com/sd/facebook_icon_large.png""></a> <a class=""nobg"" href=""http://plus.google.com/share?url=http://yro.slashdot.org/story/15/02/25/2325236/reddit-imposes-ban-on-sexual-content-posted-without-permission?utm_source=slashdot&amp;utm_medium=googleplus"" onclick=""javascript:window.open(this.href,'', 'menubar=no,toolbar=no,resizable=yes,scrollbars=yes,height=600,width=600');return false;""><img src=""http://www.gstatic.com/images/icons/gplus-16.png"" alt=""Share on Google+""/></a> </div></p><p><a href=""http://yro.slashdot.org/story/15/02/25/2325236/reddit-imposes-ban-on-sexual-content-posted-without-permission?utm_source=rss1.0moreanon&amp;utm_medium=feed"">Read more of this story</a> at Slashdot.</p><iframe src=""http://slashdot.org/slashdot-it.pl?op=discuss&amp;id=7016115&amp;smallembed=1"" style=""height: 300px; width: 100%; border: none;""></iframe><img width='1' height='1' src='http://slashdot.feedsportal.com/c/35028/f/647410/s/43cd1e35/sc/4/mf.gif' border='0'/><br clear='all'/><br/><br/><a href=""http://da.feedsportal.com/r/222166547907/u/49/f/647410/c/35028/s/43cd1e35/sc/4/rc/1/rc.htm"" rel=""nofollow""><img src=""http://da.feedsportal.com/r/222166547907/u/49/f/647410/c/35028/s/43cd1e35/sc/4/rc/1/rc.img"" border=""0""/></a><br/><a href=""http://da.feedsportal.com/r/222166547907/u/49/f/647410/c/35028/s/43cd1e35/sc/4/rc/2/rc.htm"" rel=""nofollow""><img src=""http://da.feedsportal.com/r/222166547907/u/49/f/647410/c/35028/s/43cd1e35/sc/4/rc/2/rc.img"" border=""0""/></a><br/><a href=""http://da.feedsportal.com/r/222166547907/u/49/f/647410/c/35028/s/43cd1e35/sc/4/rc/3/rc.htm"" rel=""nofollow""><img src=""http://da.feedsportal.com/r/222166547907/u/49/f/647410/c/35028/s/43cd1e35/sc/4/rc/3/rc.img"" border=""0""/></a><br/><br/><a href=""http://da.feedsportal.com/r/222166547907/u/49/f/647410/c/35028/s/43cd1e35/sc/4/a2.htm""><img src=""http://da.feedsportal.com/r/222166547907/u/49/f/647410/c/35028/s/43cd1e35/sc/4/a2.img"" border=""0""/></a><img width=""1"" height=""1"" src=""http://pi.feedsportal.com/r/222166547907/u/49/f/647410/c/35028/s/43cd1e35/sc/4/a2t.img"" border=""0""/><img src=""//feeds.feedburner.com/~r/Slashdot/slashdot/~4/F5UGueNybI8"" height=""1"" width=""1"" alt=""""/>"
Ringing changes on vital information (Physicsworld),http://news.feedzilla.com/en_us/stories/science/422885059?client_source=api&format=json,"How do you capture the information revolution in a museum exhibit? **Andrew
Robinson** reviews a book with plenty to say about this challenge

"
Shale Gas Project Encounters Determined Foes Deep in Algerian Sahara (NY Times),http://news.feedzilla.com/en_us/stories/science/422827416?client_source=api&format=json,"In Algeria, a country dependent on its oil and gas reserves, daily protests
against a pilot shale gas project have turned into a national antifracking
movement.







"
"Star Wars-Style ""Bionic Hand' Fitted To First Patients",http://rss.slashdot.org/~r/Slashdot/slashdot/~3/ppjb07jZCmE/story01.htm,"schwit1 writes ""Three Austrians have replaced injured hands with bionic ones that they can control using nerves and muscles transplanted into their arms from their legs. The three men are the first to undergo what doctors refer to as ""bionic reconstruction,"" which includes a voluntary amputation, the transplantation of nerves and muscles and learning to use faint signals from them to command the hand. Previously, people with bionic hands have primarily controlled them with manual settings.""<p><div class=""share_submission"" style=""position:relative;""> <a class=""slashpop"" href=""http://twitter.com/home?status=Star+Wars-Style+%22Bionic+Hand'+Fitted+To+First+Patients%3A+http%3A%2F%2Fbit.ly%2F1DUFKnL""><img src=""http://a.fsdn.com/sd/twitter_icon_large.png""></a> <a class=""slashpop"" href=""http://www.facebook.com/sharer.php?u=http%3A%2F%2Fentertainment.slashdot.org%2Fstory%2F15%2F02%2F25%2F1942205%2Fstar-wars-style-bionic-hand-fitted-to-first-patients%3Futm_source%3Dslashdot%26utm_medium%3Dfacebook""><img src=""http://a.fsdn.com/sd/facebook_icon_large.png""></a> <a class=""nobg"" href=""http://plus.google.com/share?url=http://entertainment.slashdot.org/story/15/02/25/1942205/star-wars-style-bionic-hand-fitted-to-first-patients?utm_source=slashdot&amp;utm_medium=googleplus"" onclick=""javascript:window.open(this.href,'', 'menubar=no,toolbar=no,resizable=yes,scrollbars=yes,height=600,width=600');return false;""><img src=""http://www.gstatic.com/images/icons/gplus-16.png"" alt=""Share on Google+""/></a> </div></p><p><a href=""http://entertainment.slashdot.org/story/15/02/25/1942205/star-wars-style-bionic-hand-fitted-to-first-patients?utm_source=rss1.0moreanon&amp;utm_medium=feed"">Read more of this story</a> at Slashdot.</p><iframe src=""http://slashdot.org/slashdot-it.pl?op=discuss&amp;id=7015459&amp;smallembed=1"" style=""height: 300px; width: 100%; border: none;""></iframe><img width='1' height='1' src='http://slashdot.feedsportal.com/c/35028/f/647410/s/43cb1e6b/sc/8/mf.gif' border='0'/><br clear='all'/><br/><br/><a href=""http://da.feedsportal.com/r/222166531848/u/49/f/647410/c/35028/s/43cb1e6b/sc/8/rc/1/rc.htm"" rel=""nofollow""><img src=""http://da.feedsportal.com/r/222166531848/u/49/f/647410/c/35028/s/43cb1e6b/sc/8/rc/1/rc.img"" border=""0""/></a><br/><a href=""http://da.feedsportal.com/r/222166531848/u/49/f/647410/c/35028/s/43cb1e6b/sc/8/rc/2/rc.htm"" rel=""nofollow""><img src=""http://da.feedsportal.com/r/222166531848/u/49/f/647410/c/35028/s/43cb1e6b/sc/8/rc/2/rc.img"" border=""0""/></a><br/><a href=""http://da.feedsportal.com/r/222166531848/u/49/f/647410/c/35028/s/43cb1e6b/sc/8/rc/3/rc.htm"" rel=""nofollow""><img src=""http://da.feedsportal.com/r/222166531848/u/49/f/647410/c/35028/s/43cb1e6b/sc/8/rc/3/rc.img"" border=""0""/></a><br/><br/><a href=""http://da.feedsportal.com/r/222166531848/u/49/f/647410/c/35028/s/43cb1e6b/sc/8/a2.htm""><img src=""http://da.feedsportal.com/r/222166531848/u/49/f/647410/c/35028/s/43cb1e6b/sc/8/a2.img"" border=""0""/></a><img width=""1"" height=""1"" src=""http://pi.feedsportal.com/r/222166531848/u/49/f/647410/c/35028/s/43cb1e6b/sc/8/a2t.img"" border=""0""/><img src=""//feeds.feedburner.com/~r/Slashdot/slashdot/~4/ppjb07jZCmE"" height=""1"" width=""1"" alt=""""/>"
The Believers: Behind the Rise of Neural Nets,http://rss.slashdot.org/~r/Slashdot/slashdot/~3/ijaTX3m4iis/story01.htm,"An anonymous reader writes Deep learning is dominating the news these days, but it's quite possible the field could have died if not for a mysterious call that Geoff Hinton, now at Google, got one night in the 1980s: ""You don't know me, but I know you,"" the mystery man said. ""I work for the System Development Corporation. We want to fund long-range speculative research. We're particularly interested in research that either won't work or, if it does work, won't work for a long time. And I've been reading some of your papers."" The Chronicle of Higher Ed has a readable profile of the minds behind neural nets, from Rosenblatt to Hassabis, told primarily through Hinton's career.<p><div class=""share_submission"" style=""position:relative;""> <a class=""slashpop"" href=""http://twitter.com/home?status=The+Believers%3A+Behind+the+Rise+of+Neural+Nets%3A+http%3A%2F%2Fbit.ly%2F1A9AzKB""><img src=""http://a.fsdn.com/sd/twitter_icon_large.png""></a> <a class=""slashpop"" href=""http://www.facebook.com/sharer.php?u=http%3A%2F%2Fscience.slashdot.org%2Fstory%2F15%2F02%2F26%2F033244%2Fthe-believers-behind-the-rise-of-neural-nets%3Futm_source%3Dslashdot%26utm_medium%3Dfacebook""><img src=""http://a.fsdn.com/sd/facebook_icon_large.png""></a> <a class=""nobg"" href=""http://plus.google.com/share?url=http://science.slashdot.org/story/15/02/26/033244/the-believers-behind-the-rise-of-neural-nets?utm_source=slashdot&amp;utm_medium=googleplus"" onclick=""javascript:window.open(this.href,'', 'menubar=no,toolbar=no,resizable=yes,scrollbars=yes,height=600,width=600');return false;""><img src=""http://www.gstatic.com/images/icons/gplus-16.png"" alt=""Share on Google+""/></a> </div></p><p><a href=""http://science.slashdot.org/story/15/02/26/033244/the-believers-behind-the-rise-of-neural-nets?utm_source=rss1.0moreanon&amp;utm_medium=feed"">Read more of this story</a> at Slashdot.</p><iframe src=""http://slashdot.org/slashdot-it.pl?op=discuss&amp;id=7016583&amp;smallembed=1"" style=""height: 300px; width: 100%; border: none;""></iframe><img width='1' height='1' src='http://slashdot.feedsportal.com/c/35028/f/647410/s/43cf9985/sc/38/mf.gif' border='0'/><br clear='all'/><br/><br/><a href=""http://da.feedsportal.com/r/222166589324/u/49/f/647410/c/35028/s/43cf9985/sc/38/rc/1/rc.htm"" rel=""nofollow""><img src=""http://da.feedsportal.com/r/222166589324/u/49/f/647410/c/35028/s/43cf9985/sc/38/rc/1/rc.img"" border=""0""/></a><br/><a href=""http://da.feedsportal.com/r/222166589324/u/49/f/647410/c/35028/s/43cf9985/sc/38/rc/2/rc.htm"" rel=""nofollow""><img src=""http://da.feedsportal.com/r/222166589324/u/49/f/647410/c/35028/s/43cf9985/sc/38/rc/2/rc.img"" border=""0""/></a><br/><a href=""http://da.feedsportal.com/r/222166589324/u/49/f/647410/c/35028/s/43cf9985/sc/38/rc/3/rc.htm"" rel=""nofollow""><img src=""http://da.feedsportal.com/r/222166589324/u/49/f/647410/c/35028/s/43cf9985/sc/38/rc/3/rc.img"" border=""0""/></a><br/><br/><a href=""http://da.feedsportal.com/r/222166589324/u/49/f/647410/c/35028/s/43cf9985/sc/38/a2.htm""><img src=""http://da.feedsportal.com/r/222166589324/u/49/f/647410/c/35028/s/43cf9985/sc/38/a2.img"" border=""0""/></a><img width=""1"" height=""1"" src=""http://pi.feedsportal.com/r/222166589324/u/49/f/647410/c/35028/s/43cf9985/sc/38/a2t.img"" border=""0""/><img src=""//feeds.feedburner.com/~r/Slashdot/slashdot/~4/ijaTX3m4iis"" height=""1"" width=""1"" alt=""""/>"
The Peculiar Economics of Developing New Antibiotics,http://rss.slashdot.org/~r/Slashdot/slashdot/~3/PrzV6MkJgPY/story01.htm,"HughPickens.com writes Every year at least two million people are infected with bacteria that can't be wiped out with antibiotics but the number of F.D.A.-approved antibiotics has decreased steadily in the past two decades. Now.Ezekiel J. Emanuel writes at the NYT that the problem with the development of new antibiotics is profitability. ""There's no profit in it, and therefore the research has dried up, but meanwhile bacterial resistance has increased inexorably and there's still a lot of inappropriate use of antibiotics out there,"" says Ken Harvey. Unlike drugs for cholesterol or high blood pressure, or insulin for diabetes, which are taken every day for life, antibiotics tend to be given for a short time so profits have to be made on brief usage. ""Even though antibiotics are lifesaving, they do not command a premium price in the marketplace,"" says Emanuel. ""As a society we seem willing to pay $100,000 or more for cancer drugs that cure no one and at best add weeks or a few months to life. We are willing to pay tens of thousands of dollars for knee surgery that, at best, improves function but is not lifesaving. So why won't we pay $10,000 for a lifesaving antibiotic?"" Emanuel says that we need to use prize money as an incentive. ""What if the United States government &mdash; maybe in cooperation with the European Union and Japan &mdash; offered a $2 billion prize to the first five companies or academic centers that develop and get regulatory approval for a new class of antibiotics?"" Because it costs at least $1 billion to develop a new drug, the prize money could provide a 100 percent return &mdash; even before sales. ""From the government perspective, such a prize would be highly efficient: no payment for research that fizzles. Researchers win only with an approved product. Even if they generated just one new antibiotic class per year, the $2-billion-per-year payment would be a reasonable investment for a problem that costs the health care system $20 billion per year."" Unless payers and governments are willing to provide favorable pricing for such a drug, the big companies are going to focus their R&amp;D investments in areas like cancer, depression, and heart disease where the return-on-investments are much higher.<p><div class=""share_submission"" style=""position:relative;""> <a class=""slashpop"" href=""http://twitter.com/home?status=The+Peculiar+Economics+of+Developing+New+Antibiotics%3A+http%3A%2F%2Fbit.ly%2F1DqYvhh""><img src=""http://a.fsdn.com/sd/twitter_icon_large.png""></a> <a class=""slashpop"" href=""http://www.facebook.com/sharer.php?u=http%3A%2F%2Fscience.slashdot.org%2Fstory%2F15%2F02%2F25%2F2016239%2Fthe-peculiar-economics-of-developing-new-antibiotics%3Futm_source%3Dslashdot%26utm_medium%3Dfacebook""><img src=""http://a.fsdn.com/sd/facebook_icon_large.png""></a> <a class=""nobg"" href=""http://plus.google.com/share?url=http://science.slashdot.org/story/15/02/25/2016239/the-peculiar-economics-of-developing-new-antibiotics?utm_source=slashdot&amp;utm_medium=googleplus"" onclick=""javascript:window.open(this.href,'', 'menubar=no,toolbar=no,resizable=yes,scrollbars=yes,height=600,width=600');return false;""><img src=""http://www.gstatic.com/images/icons/gplus-16.png"" alt=""Share on Google+""/></a> </div></p><p><a href=""http://science.slashdot.org/story/15/02/25/2016239/the-peculiar-economics-of-developing-new-antibiotics?utm_source=rss1.0moreanon&amp;utm_medium=feed"">Read more of this story</a> at Slashdot.</p><iframe src=""http://slashdot.org/slashdot-it.pl?op=discuss&amp;id=7015553&amp;smallembed=1"" style=""height: 300px; width: 100%; border: none;""></iframe><img width='1' height='1' src='http://slashdot.feedsportal.com/c/35028/f/647410/s/43cb8058/sc/36/mf.gif' border='0'/><br clear='all'/><br/><br/><a href=""http://da.feedsportal.com/r/222166539184/u/49/f/647410/c/35028/s/43cb8058/sc/36/rc/1/rc.htm"" rel=""nofollow""><img src=""http://da.feedsportal.com/r/222166539184/u/49/f/647410/c/35028/s/43cb8058/sc/36/rc/1/rc.img"" border=""0""/></a><br/><a href=""http://da.feedsportal.com/r/222166539184/u/49/f/647410/c/35028/s/43cb8058/sc/36/rc/2/rc.htm"" rel=""nofollow""><img src=""http://da.feedsportal.com/r/222166539184/u/49/f/647410/c/35028/s/43cb8058/sc/36/rc/2/rc.img"" border=""0""/></a><br/><a href=""http://da.feedsportal.com/r/222166539184/u/49/f/647410/c/35028/s/43cb8058/sc/36/rc/3/rc.htm"" rel=""nofollow""><img src=""http://da.feedsportal.com/r/222166539184/u/49/f/647410/c/35028/s/43cb8058/sc/36/rc/3/rc.img"" border=""0""/></a><br/><br/><a href=""http://da.feedsportal.com/r/222166539184/u/49/f/647410/c/35028/s/43cb8058/sc/36/a2.htm""><img src=""http://da.feedsportal.com/r/222166539184/u/49/f/647410/c/35028/s/43cb8058/sc/36/a2.img"" border=""0""/></a><img width=""1"" height=""1"" src=""http://pi.feedsportal.com/r/222166539184/u/49/f/647410/c/35028/s/43cb8058/sc/36/a2t.img"" border=""0""/><img src=""//feeds.feedburner.com/~r/Slashdot/slashdot/~4/PrzV6MkJgPY"" height=""1"" width=""1"" alt=""""/>"
"US Govt and Private Sector Developing ""Precrime"" System Against Cyber-Attacks",http://rss.slashdot.org/~r/Slashdot/slashdot/~3/L1TsYP1sHTI/story01.htm,"An anonymous reader writes A division of the U.S. government's Intelligence Advanced Research Projects Activity (IARPA) unit, is inviting proposals from cybersecurity professionals and academics with a five-year view to creating a computer system capable of anticipating cyber-terrorist acts, based on publicly-available Big Data analysis. IBM is tentatively involved in the project, named CAUSE (Cyber-attack Automated Unconventional Sensor Environment), but many of its technologies are already part of the offerings from other interested organizations. Participants will not have access to NSA-intercepted data, but most of the bidding companies are already involved in analyses of public sources such as data on social networks. One company, Battelle, has included the offer to develop a technique for de-anonymizing BItcoin transactions (pdf) as part of CAUSE's security-gathering activities.<p><div class=""share_submission"" style=""position:relative;""> <a class=""slashpop"" href=""http://twitter.com/home?status=US+Govt+and+Private+Sector+Developing+%22Precrime%22+System+Against+Cyber-Attacks%3A+http%3A%2F%2Fbit.ly%2F1BWfN8c""><img src=""http://a.fsdn.com/sd/twitter_icon_large.png""></a> <a class=""slashpop"" href=""http://www.facebook.com/sharer.php?u=http%3A%2F%2Fnews.slashdot.org%2Fstory%2F15%2F02%2F25%2F2034246%2Fus-govt-and-private-sector-developing-precrime-system-against-cyber-attacks%3Futm_source%3Dslashdot%26utm_medium%3Dfacebook""><img src=""http://a.fsdn.com/sd/facebook_icon_large.png""></a> <a class=""nobg"" href=""http://plus.google.com/share?url=http://news.slashdot.org/story/15/02/25/2034246/us-govt-and-private-sector-developing-precrime-system-against-cyber-attacks?utm_source=slashdot&amp;utm_medium=googleplus"" onclick=""javascript:window.open(this.href,'', 'menubar=no,toolbar=no,resizable=yes,scrollbars=yes,height=600,width=600');return false;""><img src=""http://www.gstatic.com/images/icons/gplus-16.png"" alt=""Share on Google+""/></a> </div></p><p><a href=""http://news.slashdot.org/story/15/02/25/2034246/us-govt-and-private-sector-developing-precrime-system-against-cyber-attacks?utm_source=rss1.0moreanon&amp;utm_medium=feed"">Read more of this story</a> at Slashdot.</p><iframe src=""http://slashdot.org/slashdot-it.pl?op=discuss&amp;id=7015613&amp;smallembed=1"" style=""height: 300px; width: 100%; border: none;""></iframe><img width='1' height='1' src='http://slashdot.feedsportal.com/c/35028/f/647410/s/43cc7416/sc/46/mf.gif' border='0'/><br clear='all'/><br/><br/><a href=""http://da.feedsportal.com/r/222166535913/u/49/f/647410/c/35028/s/43cc7416/sc/46/rc/1/rc.htm"" rel=""nofollow""><img src=""http://da.feedsportal.com/r/222166535913/u/49/f/647410/c/35028/s/43cc7416/sc/46/rc/1/rc.img"" border=""0""/></a><br/><a href=""http://da.feedsportal.com/r/222166535913/u/49/f/647410/c/35028/s/43cc7416/sc/46/rc/2/rc.htm"" rel=""nofollow""><img src=""http://da.feedsportal.com/r/222166535913/u/49/f/647410/c/35028/s/43cc7416/sc/46/rc/2/rc.img"" border=""0""/></a><br/><a href=""http://da.feedsportal.com/r/222166535913/u/49/f/647410/c/35028/s/43cc7416/sc/46/rc/3/rc.htm"" rel=""nofollow""><img src=""http://da.feedsportal.com/r/222166535913/u/49/f/647410/c/35028/s/43cc7416/sc/46/rc/3/rc.img"" border=""0""/></a><br/><br/><a href=""http://da.feedsportal.com/r/222166535913/u/49/f/647410/c/35028/s/43cc7416/sc/46/a2.htm""><img src=""http://da.feedsportal.com/r/222166535913/u/49/f/647410/c/35028/s/43cc7416/sc/46/a2.img"" border=""0""/></a><img width=""1"" height=""1"" src=""http://pi.feedsportal.com/r/222166535913/u/49/f/647410/c/35028/s/43cc7416/sc/46/a2t.img"" border=""0""/><img src=""//feeds.feedburner.com/~r/Slashdot/slashdot/~4/L1TsYP1sHTI"" height=""1"" width=""1"" alt=""""/>"
"Uber Offers Free Rides To Koreans, Hopes They Won't Report Illegal Drivers",http://rss.slashdot.org/~r/Slashdot/slashdot/~3/wvE0X0XYSBg/story01.htm,"itwbennett writes Uber Technologies is offering free rides on its uberX ride-sharing service in the South Korean capital of Seoul, after city authorities intensified their crackdown on illegal drivers by offering a reward to residents who report Uber drivers to police. South Korean law prohibits unregistered drivers from soliciting passengers using private or rented vehicles and carries a penalty of up to two years in prison or fines of up to 20 million won.<p><div class=""share_submission"" style=""position:relative;""> <a class=""slashpop"" href=""http://twitter.com/home?status=Uber+Offers+Free+Rides+To+Koreans%2C+Hopes+They+Won't+Report+Illegal+Drivers%3A+http%3A%2F%2Fbit.ly%2F1MTGZI5""><img src=""http://a.fsdn.com/sd/twitter_icon_large.png""></a> <a class=""slashpop"" href=""http://www.facebook.com/sharer.php?u=http%3A%2F%2Fyro.slashdot.org%2Fstory%2F15%2F02%2F26%2F0353246%2Fuber-offers-free-rides-to-koreans-hopes-they-wont-report-illegal-drivers%3Futm_source%3Dslashdot%26utm_medium%3Dfacebook""><img src=""http://a.fsdn.com/sd/facebook_icon_large.png""></a> <a class=""nobg"" href=""http://plus.google.com/share?url=http://yro.slashdot.org/story/15/02/26/0353246/uber-offers-free-rides-to-koreans-hopes-they-wont-report-illegal-drivers?utm_source=slashdot&amp;utm_medium=googleplus"" onclick=""javascript:window.open(this.href,'', 'menubar=no,toolbar=no,resizable=yes,scrollbars=yes,height=600,width=600');return false;""><img src=""http://www.gstatic.com/images/icons/gplus-16.png"" alt=""Share on Google+""/></a> </div></p><p><a href=""http://yro.slashdot.org/story/15/02/26/0353246/uber-offers-free-rides-to-koreans-hopes-they-wont-report-illegal-drivers?utm_source=rss1.0moreanon&amp;utm_medium=feed"">Read more of this story</a> at Slashdot.</p><iframe src=""http://slashdot.org/slashdot-it.pl?op=discuss&amp;id=7016703&amp;smallembed=1"" style=""height: 300px; width: 100%; border: none;""></iframe><img width='1' height='1' src='http://slashdot.feedsportal.com/c/35028/f/647410/s/43cf11aa/sc/10/mf.gif' border='0'/><br clear='all'/><br/><br/><a href=""http://da.feedsportal.com/r/222166586643/u/49/f/647410/c/35028/s/43cf11aa/sc/10/rc/1/rc.htm"" rel=""nofollow""><img src=""http://da.feedsportal.com/r/222166586643/u/49/f/647410/c/35028/s/43cf11aa/sc/10/rc/1/rc.img"" border=""0""/></a><br/><a href=""http://da.feedsportal.com/r/222166586643/u/49/f/647410/c/35028/s/43cf11aa/sc/10/rc/2/rc.htm"" rel=""nofollow""><img src=""http://da.feedsportal.com/r/222166586643/u/49/f/647410/c/35028/s/43cf11aa/sc/10/rc/2/rc.img"" border=""0""/></a><br/><a href=""http://da.feedsportal.com/r/222166586643/u/49/f/647410/c/35028/s/43cf11aa/sc/10/rc/3/rc.htm"" rel=""nofollow""><img src=""http://da.feedsportal.com/r/222166586643/u/49/f/647410/c/35028/s/43cf11aa/sc/10/rc/3/rc.img"" border=""0""/></a><br/><br/><a href=""http://da.feedsportal.com/r/222166586643/u/49/f/647410/c/35028/s/43cf11aa/sc/10/a2.htm""><img src=""http://da.feedsportal.com/r/222166586643/u/49/f/647410/c/35028/s/43cf11aa/sc/10/a2.img"" border=""0""/></a><img width=""1"" height=""1"" src=""http://pi.feedsportal.com/r/222166586643/u/49/f/647410/c/35028/s/43cf11aa/sc/10/a2t.img"" border=""0""/><img src=""//feeds.feedburner.com/~r/Slashdot/slashdot/~4/wvE0X0XYSBg"" height=""1"" width=""1"" alt=""""/>"
Users Decry New Icon Look In Windows 10,http://rss.slashdot.org/~r/Slashdot/slashdot/~3/XSUXw2kfnwY/story01.htm,"jones_supa writes A lot of people got upset about the flat looks of Modern UI presented in Windows 8. Recent builds of Windows 10 Technical Preview have now started replacing the shell icons, and to some people they are just too much to bear. Basically, Microsoft opted to change the icons in search of a fresh and modern look, but there are plenty of people out there who claim that all these new icons are actually very ugly and the company would better stick to the previous design. To find out what people think about these icons, Softpedia asked its readers to tell their opinion and the messages received in the last couple of days pretty much speak for themselves. There are only few testers who think that these icons look good, but the majority wants Microsoft to change them before the final version of the operating system comes out.<p><div class=""share_submission"" style=""position:relative;""> <a class=""slashpop"" href=""http://twitter.com/home?status=Users+Decry+New+Icon+Look+In+Windows+10%3A+http%3A%2F%2Fbit.ly%2F1zh0y2M""><img src=""http://a.fsdn.com/sd/twitter_icon_large.png""></a> <a class=""slashpop"" href=""http://www.facebook.com/sharer.php?u=http%3A%2F%2Ftech.slashdot.org%2Fstory%2F15%2F02%2F26%2F0255222%2Fusers-decry-new-icon-look-in-windows-10%3Futm_source%3Dslashdot%26utm_medium%3Dfacebook""><img src=""http://a.fsdn.com/sd/facebook_icon_large.png""></a> <a class=""nobg"" href=""http://plus.google.com/share?url=http://tech.slashdot.org/story/15/02/26/0255222/users-decry-new-icon-look-in-windows-10?utm_source=slashdot&amp;utm_medium=googleplus"" onclick=""javascript:window.open(this.href,'', 'menubar=no,toolbar=no,resizable=yes,scrollbars=yes,height=600,width=600');return false;""><img src=""http://www.gstatic.com/images/icons/gplus-16.png"" alt=""Share on Google+""/></a> </div></p><p><a href=""http://tech.slashdot.org/story/15/02/26/0255222/users-decry-new-icon-look-in-windows-10?utm_source=rss1.0moreanon&amp;utm_medium=feed"">Read more of this story</a> at Slashdot.</p><iframe src=""http://slashdot.org/slashdot-it.pl?op=discuss&amp;id=7016563&amp;smallembed=1"" style=""height: 300px; width: 100%; border: none;""></iframe><img width='1' height='1' src='http://slashdot.feedsportal.com/c/35028/f/647410/s/43d02a31/sc/4/mf.gif' border='0'/><br clear='all'/><br/><br/><a href=""http://da.feedsportal.com/r/222166593181/u/49/f/647410/c/35028/s/43d02a31/sc/4/rc/1/rc.htm"" rel=""nofollow""><img src=""http://da.feedsportal.com/r/222166593181/u/49/f/647410/c/35028/s/43d02a31/sc/4/rc/1/rc.img"" border=""0""/></a><br/><a href=""http://da.feedsportal.com/r/222166593181/u/49/f/647410/c/35028/s/43d02a31/sc/4/rc/2/rc.htm"" rel=""nofollow""><img src=""http://da.feedsportal.com/r/222166593181/u/49/f/647410/c/35028/s/43d02a31/sc/4/rc/2/rc.img"" border=""0""/></a><br/><a href=""http://da.feedsportal.com/r/222166593181/u/49/f/647410/c/35028/s/43d02a31/sc/4/rc/3/rc.htm"" rel=""nofollow""><img src=""http://da.feedsportal.com/r/222166593181/u/49/f/647410/c/35028/s/43d02a31/sc/4/rc/3/rc.img"" border=""0""/></a><br/><br/><a href=""http://da.feedsportal.com/r/222166593181/u/49/f/647410/c/35028/s/43d02a31/sc/4/a2.htm""><img src=""http://da.feedsportal.com/r/222166593181/u/49/f/647410/c/35028/s/43d02a31/sc/4/a2.img"" border=""0""/></a><img width=""1"" height=""1"" src=""http://pi.feedsportal.com/r/222166593181/u/49/f/647410/c/35028/s/43d02a31/sc/4/a2t.img"" border=""0""/><img src=""//feeds.feedburner.com/~r/Slashdot/slashdot/~4/XSUXw2kfnwY"" height=""1"" width=""1"" alt=""""/>"
Wallabies a major threat to indigenous forests (APN),http://news.feedzilla.com/en_us/stories/science/422833750?client_source=api&format=json,"A cousin of the kangaroo could wreak havoc if it spreads through the Kaimai
and Urewera ranges, conservationists fear.The Lakes Water Quality Society, a
collaborative organisation that aims to restore the health of lakes in the...

"
